/m/0dwx7,logo,2
/m/06zs7,sniper,4
/m/0lym8,tapicer,5
/m/01pjtb,weaver,1
/m/0vzm,austin,4
/m/07b_l,texas,0
/m/016mbz,oj,3
/m/0k8z,apple,4
/m/01jg6,board,5
/m/0f2rq,dallas,0
/m/05hqv,national,2
/m/020g50,mls,3
/m/0139zp,pepper,5
/m/0106dv,waco,5
/m/04lcn_y,frame,1
/m/028sgq,realtor,2
/m/028sg0,realtors,1
/m/02y1vz,facebook,3
/m/0837mt,remax,1
/m/0105y2,lubbock,4
/m/04wggz,buyers,5
/m/018c71,craigslist,1
/m/02jx1,english,2
/m/02r97,earthquakes,3
/m/01n7q,ca,4
/m/02xry,florida,0
/m/03c866,grandma,1
/m/026h1w,jcp,3
/m/01vq3,christmas,4
/m/0157m,clinton,3
/m/03l2n,houston,5
/m/03lq2,halloween,0
/m/01vc53,logos,2
/m/01c02f,asx,3
/m/0j0k,asia,1
/m/0chghy,australian,2
/m/04n01ys,ois,1
/m/04_kd2,bmfbovespa,2
/m/01zc0z,cme,5
/m/04vz4n,eurex,1
/m/03s3fd,ose,1
/m/03f_xy,sgx,3
/m/027fjd,cbot,5
/m/01lp7f,mx,0
/m/056bx,mlm,1
/m/0375s,gui,2
/m/09c7w0,us,3
/m/02j9z,europe,4
/m/0d060g,canadian,0
/m/09lxtg,tto,3
/m/07dfk,tokyo,4
/m/03_3d,japan,5
/m/01mpd6t,stir,0
/m/03msyg,euroyen,2
/m/01jd30,libor,3
/m/0c1_8l,tibor,4
/m/0316yc,otc,5
/m/04wsz,east,1
/m/04rknd,suez,2
/m/05l8y,oman,4
/m/061g5y,tocom,2
/m/0gg5vp0,comex,3
/m/01s7k,co2,5
/m/07nyr,tt,1
/m/05jnl,daily,5
/m/03550l,eua,1
/m/04w0nf,kospi,5
/m/09l8hh,krx,0
/m/04ww1p,ibex,3
/m/06mkj,spain,4
/m/07mkt,tt,1
/m/02_cz4,fx,1
/m/04jpl,london,2
/m/0177z,brussels,3
/m/04llb,lisbon,4
/m/0k3p,amsterdam,5
/m/05qtj,paris,0
/m/02hbbg,utp,2
/m/034673,ftse,5
/m/031682,euribor,1
/m/01nv4h,sterling,3
/m/01ctqy,tfx,5
/m/059j2,dutch,5
/m/0f8l9c,french,4
/m/0bhc4gn,nox,1
/m/0dfwj,so2,2
/m/02wcjl7,cer,2
/m/0cjcd5,mgex,5
/m/0b9wqz,kcbt,1
/m/015fr,brazilian,2
/m/0jp31,sail,1
/m/04bmsv,brent,3
/m/07svhm,wcs,4
/m/03ctzw,wti,5
/m/0bq12x,eex,0
/m/05r4w,portuguese,1
/m/06f32,taiwan,0
/m/03rk0,india,1
/m/01gmc4,lme,3
/m/04vcnr,ose,4
/m/01px3y,loc,5
/m/04rwx,mit,0
/m/05k89r,mos,3
/m/02pnv6,tt,5
/m/046d80l,mini,5
/m/06qt6,standard,1
/m/04mxwb_,esilicon,0
/m/012y9t,asic,0
/m/0plsj,soc,2
/m/07lb3,test,4
/m/050147,idms,5
/m/04zc0,mp3,0
/m/0gfzw,arm,1
/m/051_g,mips,2
/m/0281_xg,tensilica,3
/m/026x_s,synopsys,4
/m/0d075m,d,5
/m/0hgfx,pcb,3
/m/01frn6,eda,4
/m/07wbk,republican,0
/m/015wzt,charts,3
/m/036n1,geologist,4
/m/05r_j,petroleum,5
/m/03s5t,idaho,0
/m/02j71,earth,2
/m/01ftz,biogenetics,4
/m/07t65,un,5
/m/02cc0w,bricklayer,0
/m/042gdr,firebrick,1
/m/099f0,cad,5
/m/02n3pb,products,1
/m/06mq7,science,4
/m/0g0lh,epa,5
/m/03wfs,ipcc,4
/m/05f4p,nasa,0
/m/07bfd,siberian,2
/m/0dh28b,iclei,4
/m/0cyn3,nassau,4
/m/04zx3q1,phd,0
/m/04myn,led,1
/m/02dkp3,c7,1
/m/018lqb,kwh,0
/m/035x8p,lipa,3
/m/02zhhp,newsday,1
/m/0zdfp,medford,5
/m/037922,lowes,1
/m/01b39j,target,2
/m/0797b5,bjs,3
/m/0y99j,setauket,4
/m/02crk,diesel,1
/m/07tf8,univ,1
/m/0d7k1z,irvine,3
/m/0d_kd,suffolk,1
/m/05phv,o3,2
/m/019t54,biodiesel,3
/m/02pmptc,nyserda,4
/m/02_spr,pv,5
/m/06vbmv,lipa,3
/m/0y88z,farmingdale,2
/m/04gb7,law,5
/m/02q6t32,town,3
/m/03jj2w,cng,0
/m/0d_08,brookhaven,5
/m/03npkvc,pv,2
/m/041jtr,aeg,3
/m/01_d4,chicago,1
/m/02_286,ny,5
/m/04gvd_,cfls,0
/m/01mgbh,babylon,4
/m/01ftfn,pe,1
/m/05h45j,nypa,4
/m/0c_7x,atc,2
/m/02r570,riverhead,3
/m/01cx_,boston,5
/m/0ccvx,queens,0
/m/029k22,township,2
/m/048p7,kyoto,3
/m/03spz,israel,4
/m/060n4d,suozzi,1
/m/07c5l,americas,2
/m/0d46w,standing,4
/m/08y75m,cap,1
/m/03zbcv,vocs,5
/m/054_5q,thm,0
/m/022s5g,mtbe,1
/m/0hrr,ansi,3
/m/014psl,nsf,5
/m/04n3l,island,1
/m/04k84,light,4
/m/01xc24,bb,3
/m/0d4wf,kitchen,2
/m/01kx91,elca,0
/m/016wzw,peru,3
/m/04ykg,minnesota,1
/m/014mlp,ba,3
/m/04g7x,linguistics,4
/m/054f38,surco,2
/m/0lpfh,lima,4
/m/03_dm0,amrica,5
/m/041zsd,texas,1
/m/0mpzm,travis,4
/m/04bwrhr,williamson,5
/m/04s84y,contractors,0
/m/013mmr,katy,3
/m/07srw,utah,5
/m/09rffg,as,0
/m/062zr,pr,1
/m/05qdh,painter,3
/m/010dft,logan,0
/m/011g76,cody,1
/m/060r2b,5k,2
/m/07kgs9_,cv,3
/m/01vzrk,remicade,4
/m/036lyn,enbrel,5
/m/02vkhwm,antitnf,0
/m/02pww6r,tnf,1
/m/0mcx2,ipod,2
/m/047lkx,garmin,1
/m/0344_,gps,0
/m/09j7kk,camelbak,1
/m/0gh43,ncaa,3
/m/029j_,dvd,0
/m/01ghgx,gatorade,3
/m/040scs,powerade,0
/m/08x2f8,suunto,1
/m/02m4nk,timex,2
/m/0b4m6l,polar,3
/m/0k6pp,ecg,4
/m/04qtn3,hrm,3
/m/04xwlr,gshock,4
/m/01kh63,casio,5
/m/0vmt,arizona,0
/m/0rh6k,washington,2
/m/04rrx,michigan,3
/m/01n4w,colorado,4
/m/07s52,time,4
/m/05kkh,ohio,5
/m/01b69s,usgs,3
/m/09g7bfc,uvm,4
/m/0q76g,midwest,2
/m/01s012,top,0
/m/010h9y,ogden,4
/m/0600q,pdf,0
/m/088t4m,cellcom,4
/m/03b3j,packer,0
/m/082gc5,arcgis,2
/m/09glw,himalayan,5
/m/01wq83,canyonlands,1
/m/0j3b,atlantic,2
/m/0rj0z,fl,5
/m/011r1z,esri,1
/m/08745,xml,2
/m/032gc3,gpx,3
/m/02409lr,babel,1
/m/0824r,wisconsin,5
/m/04rrd,maryland,2
/m/03n4s7,usatf,4
/m/09qqq,wall,1
/m/02ptsdy,arcmap,2
/m/017xpn,indesign,2
/m/06zlzmk,naip,4
/m/020xn5,illustrator,5
/m/052tr,excel,0
/m/06710,photoshop,4
/m/0b2fy0,pineview,2
/m/0r3z6,temecula,1
/m/05rgl,pacific,5
/m/0qptf,wickenburg,0
/m/0d35y,phoenix,1
/m/0qpqn,scottsdale,2
/m/03zlq5,worldwind,0
/m/01dyhm,firefox,4
/m/01241b,notepad,5
/m/0fpzzp,linux,1
/m/07scx,unix,2
/m/0zd6,mac,3
/m/02q4625,3d,0
/m/0d05l6,god,4
/m/0ftxw,indianapolis,0
/m/0d9jr,seattle,1
/m/019rg5,kenyans,1
/m/0f3cfw,trials,3
/m/04dq3c,slc,5
/m/02lk9y,5ks,0
/m/02dtg,detroit,2
/m/09hl5,w,3
/m/02j5l,e,0
/m/0h8b0,al,1
/m/0kmn7,wac,5
/m/032rk,gun,3
/m/09w7x5,pace,4
/m/01p1b,chad,1
/m/01j_cy,msu,1
/m/04pry,lansing,5
/m/04jpgm5,10k,3
/m/01hhc2,speedway,4
/m/01q7q2,uvm,5
/m/0465d2_,provo,2
/m/0l2tk,byu,5
/m/01ljm6,stg,0
/m/011ll4,tahoe,1
/m/0d01x5,vip,2
/m/01h63n,indy,5
/m/01lk9,christ,0
/m/0j1r3,lord,1
/m/07yw2,volvo,5
/m/094r_8,foothill,0
/m/07c52,tv,1
/m/0bt33,ac,2
/m/0l39b,provo,4
/m/0r010,carson,1
/m/0cp6w,nice,5
/m/07k3w,narnia,0
/m/05gh0dd,miles,4
/m/010df2,hyrum,1
/m/01bb7n,met,2
/m/0c1d0,providence,4
/m/028r4l,rd,1
/m/0160w,bah,2
/m/014_24,indy,3
/m/0plk2b,time,3
/m/03nzg,hr,2
/m/02crqh,half,4
/m/05jqy,nsaid,0
/m/05dgkw,mobic,2
/m/010f5z,moab,3
/m/0kh0y,dems,0
/m/0c13h,si,3
/m/02gbr5,omeprazole,1
/m/088gzp,nsd,2
/m/05_9rs,humira,0
/m/0h1n9,crohn,1
/m/0dcqh,ms,2
/m/064r7fk,tibetan,3
/m/06mzp,switzerland,4
/m/01b86_,otc,0
/m/032mx,fda,2
/m/09ldn,toad,3
/m/04g07,koi,4
/m/02cp5,dragon,0
/m/01zp1h,yamuna,3
/m/04fyqf,vrindavan,4
/m/068p2,pittsburgh,5
/m/09jcvs,youtube,2
/m/02p97,javascript,3
/m/0416gpx,disqus,4
/m/06m_p,sun,5
/m/01pmdg,ev,4
/m/06grw,revolt,5
/m/02162,degc,2
/m/01_pcc,ben,4
/m/081gf,wiki,0
/m/0qxhc,fayetteville,3
/m/05gf5,nation,1
/m/048knlz,love,2
/m/01klwd,kindness,3
/m/0csm9,dst,5
/m/02py09,environment,4
/m/05qc_,planet,5
/m/01h1bf,today,3
/m/01f1xr,th2,5
/m/01zrs,cdc,2
/m/04nz3,lupus,0
/m/0mkz,ai,1
/m/03r_vp,adequate,5
/m/0bwyb,nature,1
/m/07g8l,transhumanism,2
/m/07_my,viking,1
/m/06mx8,scandinavia,4
/m/0vllx,barn,0
/m/0c4ys,grammy,1
/m/06_dn,snow,3
/m/05b4w,norwegian,4
/m/017n9_,telemark,1
/m/01nyk5x,al,0
/m/03gkl,holiday,4
/m/0lm0n,appalachian,0
/m/02qdvvw,wama,1
/m/05rwpb,indie,3
/m/025sf8x,silver,0
/m/01brf,bronze,2
,washington,5
/m/01m1y,celtic,0
/m/0883b,yuletide,3
/m/0bbm8t,tom,3
/m/025sh_8,washington,0
/m/01qx__8,john,1
/m/03rt9,irish,0
/m/01jj81_,solas,4
/m/0np46rm,cd,1
/m/01ft8k,shadow,1
/m/01vd7hn,duncan,4
/m/0gkzzz7,alan,2
/m/01jcrq,recollection,2
/m/06q1r,scottish,3
/m/01pqj_,imt,5
/m/0j5g9,wales,5
/m/01q1j,cornwall,0
/m/09nyf,brittany,1
/m/0hvl5,asturies,4
/m/03cb8,galicia,5
/m/059g4,america,3
/m/0ch490p,folkways,5
/m/0830n,woody,3
/m/02vk6kk,storey,2
/m/0f33w3b,daniel,4
/m/0bs_h4,levon,0
/m/041rx,jewish,3
/m/0b2mc,salonica,5
/m/0430_,jerusalem,0
/m/06n8j,sarajevo,1
/m/015lz1,sung,2
/m/04p7x,ladino,3
/m/0jzc,arabic,2
/m/035qy,greek,3
/m/03hkp,hebrew,4
/m/04m7bz,brazil,2
/m/013b7g,sephardi,4
/m/04swx,mediterranean,4
/m/01jjk,balkans,5
/m/09wwlj,salvador,1
/m/01qsf5,appalachia,4
/m/04y29,muslim,5
/m/04t_mf,christian,0
/m/010sh,andalusia,1
/m/0ds99lh,fun,3
/m/010n45,purcellville,5
/m/081mh,virginia,0
/m/02f6qp,lowen,5
/m/035qrr,next,1
/m/0b3wk,house,3
/m/0hqjh,african,4
/m/02fdsx,baddeck,4
/m/06c1y,romania,1
/m/0fvwg,annapolis,4
/m/03_d0,jazz,3
/m/0ydpd,asheville,4
/m/045c0g,andy,2
/m/01w_2mh,mozaik,1
/m/01r27_,planxty,4
/m/0h51x2y,bearfoot,0
/m/05jbn,nashville,5
/m/09zc4z,clifftop,4
/m/0hjy,alaska,5
/m/04r_8,windows,3
/m/0bxbb,rockville,0
/m/01p1v,chile,4
/m/0cng8,elizabethan,2
/m/01lryt,variety,0
/m/05wc2d,cce,3
/m/0bmnm,pennywhistle,0
/m/03_fd74,sessions,1
/m/017_b,b,3
/m/03jzl9,share,4
/m/021rl7,cialis,5
/m/05p7hcr,post,0
/m/02hckn,post,3
/m/0342vx,masters,4
/m/0jkf5,bureau,1
/m/06mnr,statistics,2
/m/06pwq,university,2
